RightArm,LeftArm,Torso,Mouth
0,0,0,0
147,492,364,0
147,492,364,0
147,491,364,0
147,491,364,0
146,492,364,0
146,492,364,0
146,492,364,0
146,492,364,0
147,492,364,0
147,492,364,0
147,492,364,0
147,492,364,0
146,492,364,0
146,492,364,0
147,492,364,0
147,492,364,0
146,492,364,0
146,492,364,0
146,491,363,0
146,491,363,0
147,492,364,0
147,492,364,0
147,492,364,0
147,492,364,0
147,492,364,0
147,492,364,0
146,492,364,0
146,492,364,0
147,492,364,0
147,492,364,0
147,492,364,0
147,492,364,0
146,492,364,0
146,492,364,0
146,492,363,0
146,492,363,0
146,492,363,0
146,492,363,0
146,492,360,0
146,492,360,0
145,491,360,0
145,491,360,0
146,492,360,0
146,492,360,0
145,492,357,0
145,492,357,0
146,492,351,0
146,492,351,0
145,491,343,0
145,491,343,0
146,492,343,0
146,492,343,0
146,492,343,0
146,491,346,0
146,492,347,0
146,492,347,0
146,492,348,0
146,492,348,0
146,492,348,0
146,492,348,0
146,492,348,0
146,491,348,0
146,491,348,0
146,492,348,0
146,492,348,0
146,492,348,0
146,492,348,0
146,492,347,0
146,492,347,0
146,492,347,0
146,492,347,0
146,492,347,0
146,492,347,0
146,492,347,0
146,492,347,0
146,492,347,0
146,492,347,0
146,492,347,0
146,492,347,0
146,492,347,0
146,492,347,0
146,492,347,0
146,492,347,0
146,492,347,0
146,492,347,0
146,492,345,0
146,492,345,0
146,492,345,0
146,492,345,0
146,492,345,0
146,492,345,0
146,491,345,0
146,491,345,0
146,492,348,0
146,492,348,0
146,491,348,0
146,491,348,0
146,492,350,0
146,492,350,0
146,491,354,0
146,491,354,0
146,492,367,0
146,492,367,0
146,491,377,0
146,491,377,0
146,492,388,0
146,492,388,0
146,491,397,0
146,491,397,0
146,492,407,0
146,492,407,0
146,491,418,0
146,491,418,0
146,492,432,0
146,492,432,0
146,491,444,0
146,491,444,0
146,492,457,0
146,492,457,0
146,492,472,0
146,492,472,0
146,492,480,0
146,492,480,0
147,492,480,0
147,492,480,0
146,492,480,0
146,492,480,0
146,492,480,0
146,492,480,0
146,491,480,0
146,491,480,0
146,492,480,0
146,492,480,0
146,492,480,0
146,492,480,0
146,492,480,0
146,492,480,0
146,492,480,0
146,492,480,0
146,492,480,0
146,492,480,0
146,492,480,0
146,492,480,0
146,492,480,0
146,492,480,0
146,491,480,0
146,491,480,0
146,492,480,0
146,492,480,0
146,491,467,0
146,491,467,0
146,492,450,0
146,492,450,0
146,491,435,0
146,491,435,0
146,492,423,0
146,492,423,0
146,492,414,0
146,492,414,0
146,492,407,0
146,492,407,0
146,492,398,0
146,492,398,0
146,492,389,0
146,492,389,0
146,491,375,0
146,491,375,0
146,492,360,0
146,492,360,0
146,491,345,0
146,491,345,0
146,492,332,0
146,492,332,0
146,492,322,0
146,492,322,0
146,491,315,0
146,491,315,0
146,492,307,0
146,492,307,0
146,492,299,0
146,492,299,0
146,492,299,0
146,492,292,0
146,492,292,0
146,492,285,0
146,492,285,0
146,492,275,0
146,492,275,0
146,491,266,0
146,491,266,0
146,492,259,0
146,492,259,0
146,491,255,0
146,491,255,0
146,492,255,0
146,492,255,0
146,492,255,0
146,492,255,0
146,492,256,0
146,492,256,0
146,491,256,0
146,491,256,0
146,492,258,0
146,492,258,0
146,491,262,0
146,491,262,0
146,492,270,0
146,492,270,0
146,492,280,0
146,492,280,0
146,492,292,0
146,492,292,0
146,492,300,0
146,492,300,0
146,492,305,0
146,492,305,0
146,491,310,0
146,491,310,0
146,492,316,0
146,492,316,0
146,492,323,0
146,492,323,0
146,492,333,0
146,492,333,0
146,492,344,0
146,492,344,0
146,492,353,0
146,492,353,0
146,492,360,0
146,492,360,0
146,492,360,0
146,492,360,0
146,492,361,0
146,492,361,2979
146,492,361,4090
146,492,361,4090
146,492,361,4090
146,492,361,4090
146,491,361,4090
146,491,361,4090
146,492,362,4090
146,492,362,4090
146,491,361,4090
146,491,361,4090
146,492,361,4090
146,492,361,4090
146,491,359,4090
146,491,359,4090
146,492,359,4090
146,492,359,4090
146,492,359,4090
146,492,359,4090
146,492,359,4090
146,492,359,4090
146,492,359,3650
146,492,359,3605
146,492,359,3595
146,492,359,3427
146,492,359,4090
146,492,359,4090
146,492,359,4090
146,492,359,4090
147,492,359,4090
147,492,359,4090
147,492,359,4090
147,492,359,4090
147,492,359,4090
147,492,359,4090
147,492,360,4090
147,492,360,4090
147,492,361,4090
147,492,361,4090
147,492,361,4090
147,492,361,4090
147,492,361,4090
147,492,361,4090
147,492,361,4090
147,492,361,4090
147,491,361,4090
147,491,361,4090
147,487,360,4090
147,487,360,4090
147,468,360,4090
147,468,360,4090
147,437,360,4090
147,437,360,4090
147,404,361,4090
147,404,361,4090
147,374,361,4090
147,374,361,4090
146,351,361,4090
146,351,361,4090
146,336,360,4090
146,336,360,4090
146,332,361,4090
146,332,361,4090
146,336,361,4090
146,336,361,4090
145,349,360,4090
145,349,360,4090
146,377,361,4090
146,377,361,4090
146,419,363,4090
146,419,363,4090
146,459,363,4090
146,459,363,4090
146,480,362,4090
146,480,362,4090
146,479,362,4090
146,472,362,4090
146,472,362,4090
146,449,361,4090
146,449,361,4090
146,416,361,4090
146,416,361,4090
146,382,361,4090
146,382,361,4090
147,356,361,4090
147,356,361,4090
147,341,361,4090
147,341,361,4090
146,345,361,4090
146,345,361,3780
146,368,361,3240
146,368,361,2399
146,413,362,2237
146,413,362,1501
146,461,362,1501
146,461,362,1488
146,489,362,749
146,489,362,699
146,490,362,365
146,490,362,0
146,481,362,0
146,481,362,0
147,460,361,0
147,460,361,0
148,425,360,0
148,425,360,0
148,390,361,0
148,390,361,0
148,360,360,0
148,360,360,0
148,338,361,0
148,338,361,0
148,325,360,0
148,325,360,0
148,324,361,0
148,324,361,0
147,330,362,0
147,330,362,0
147,347,362,0
147,347,362,0
147,378,362,448
147,378,362,1686
147,417,362,3566
147,417,362,2904
147,455,362,2904
147,455,362,2442
147,477,362,3347
147,477,362,3484
147,482,362,3775
147,482,362,3140
147,482,362,3272
147,482,362,3272
148,475,361,3036
148,475,361,3399
148,475,361,4090
148,458,360,4035
148,427,360,2784
148,427,360,1550
148,391,360,3728
148,391,360,3892
148,391,360,3952
148,360,360,4090
148,334,360,3509
148,334,360,3509
148,334,360,3481
148,318,360,4090
148,318,360,4090
148,313,360,4090
148,313,360,4090
148,314,361,4090
148,314,361,4090
147,318,361,4090
147,318,361,4090
148,333,362,4090
148,333,362,4090
148,359,362,4090
148,359,362,4090
147,393,361,4090
147,393,361,4090
147,428,361,4090
147,428,361,4090
147,455,361,4090
147,455,361,4090
147,467,361,4090
147,467,361,4090
148,468,362,4090
148,468,362,4090
148,466,360,4090
148,466,360,4090
148,456,360,4090
148,456,360,4090
148,434,360,4090
148,434,360,4090
148,404,360,4090
147,374,361,4090
147,374,361,4090
147,374,361,4090
148,347,361,4090
148,347,361,4090
147,328,361,4090
147,328,361,4090
147,316,361,4090
147,316,361,4090
148,315,361,4090
147,322,361,4090
147,322,361,4090
147,322,361,4090
147,341,361,4090
147,341,361,4090
147,378,361,4090
147,378,361,4090
148,420,361,4090
148,420,361,4090
148,452,361,4090
148,452,361,4090
148,464,361,4090
148,464,361,4090
148,463,361,4090
148,463,361,4090
148,462,361,4090
148,462,361,4090
148,452,360,2737
148,452,360,4090
148,425,363,4090
148,425,363,4090
148,396,364,4090
148,396,364,2980
147,370,364,1956
147,370,364,1177
147,352,364,2356
147,352,364,1692
147,344,364,782
147,344,364,1597
147,341,363,1160
147,341,363,446
147,343,364,0
147,343,364,314
147,352,363,0
147,352,363,0
146,381,364,0
146,381,364,0
147,424,364,0
147,424,364,0
148,461,364,0
148,461,364,0
148,475,363,0
148,475,363,0
148,476,363,0
148,476,363,0
148,475,363,0
148,475,363,0
148,472,362,0
148,472,362,0
148,458,362,0
148,458,362,0
148,431,363,0
148,431,363,0
148,400,364,0
148,400,364,0
148,375,364,0
148,375,364,628
148,354,364,798
148,354,364,1316
148,338,364,842
148,338,364,4090
148,331,364,4090
148,331,364,4090
147,331,364,4090
147,331,364,4090
147,341,364,4090
147,341,364,4090
147,372,364,4090
147,372,364,4090
147,412,365,4090
147,412,365,4090
148,450,365,4090
148,450,365,3204
148,473,365,4090
148,473,365,4090
148,474,365,4090
148,474,365,4090
148,474,365,4090
148,474,365,4090
147,473,365,3221
147,473,365,2732
147,473,365,2868
147,473,365,4090
148,471,364,4090
148,471,364,4090
148,472,363,4090
148,472,363,4090
148,471,363,2163
148,471,363,2812
149,472,363,2211
149,472,363,4090
149,471,363,4090
149,471,363,4090
149,472,366,3217
149,472,366,3217
149,472,367,3949
149,472,367,4090
148,472,368,3999
148,472,368,3965
148,472,382,3443
148,472,382,4090
149,472,415,4090
149,472,415,4090
148,472,450,4090
148,472,450,3814
147,472,473,3926
147,472,473,4090
146,472,480,3985
146,472,480,4090
146,471,480,4090
146,471,480,4090
146,472,480,4090
146,472,480,3940
146,472,480,4090
146,472,480,4090
146,472,480,4006
146,472,480,3854
146,472,480,4090
146,472,480,3130
146,472,480,4090
146,472,480,4090
147,471,480,4090
147,471,480,4090
147,471,480,4090
147,472,480,4090
147,472,480,4090
147,472,480,4090
147,472,480,4090
147,472,476,4090
147,472,476,4090
147,472,467,4090
147,472,467,4090
147,472,451,4090
147,472,451,4090
146,471,425,4090
146,471,425,4090
146,472,387,4090
146,472,387,4090
146,472,345,4090
146,472,345,4090
147,472,305,4090
147,472,305,4090
146,472,273,3298
146,472,273,4090
151,472,255,3032
151,472,255,3032
152,472,247,2660
152,472,247,2708
151,472,246,1850
151,472,246,3080
150,472,246,2517
150,472,246,1275
150,472,246,971
150,472,246,0
150,472,246,0
150,472,246,0
151,472,246,0
151,472,246,0
150,472,247,0
150,472,247,0
151,472,247,0
151,472,247,0
151,472,254,0
151,472,254,0
150,472,275,0
150,472,275,0
150,472,310,0
150,472,310,0
150,472,345,0
150,472,345,0
151,472,376,0
151,472,376,0
151,472,390,0
151,472,390,0
151,472,388,0
151,472,388,0
150,472,382,0
150,472,382,0
150,472,379,4090
150,472,379,4090
150,472,377,4090
150,472,377,4090
150,472,377,2751
150,472,377,2156
150,472,376,2156
150,472,376,2723
150,472,378,3920
150,472,378,4090
150,472,377,4090
150,472,377,4090
150,472,377,4090
150,472,377,4090
150,471,377,3285
150,471,377,3285
150,472,377,3768
150,472,377,3226
150,472,377,4079
150,472,377,4090
150,472,378,4090
150,472,378,3804
150,472,377,3650
150,472,377,4090
150,472,377,4090
150,472,377,3986
150,472,377,3639
150,472,377,4090
150,472,377,4090
150,472,377,4090
150,472,377,4090
150,472,377,4090
150,472,377,4090
150,472,377,4090
150,472,377,4090
150,472,377,4090
150,472,377,4090
150,472,377,4090
150,472,377,3298
150,472,377,2680
150,472,377,1733
150,472,377,1733
150,472,378,4090
150,472,378,4090
150,472,377,4090
150,472,377,4090
150,472,377,4090
150,472,377,2501
150,472,377,1828
150,472,377,2935
150,472,377,4090
150,472,377,4090
150,472,377,4090
150,472,377,4090
150,472,377,4090
150,472,377,4090
150,472,377,4090
150,472,377,4090
150,472,377,4090
150,472,377,4090
150,471,377,4090
150,471,377,4090
150,472,377,4090
150,472,377,4090
150,472,377,4090
150,472,377,4090
150,472,377,4090
150,472,377,4090
150,472,377,4090
150,472,377,4090
150,472,377,4090
150,472,377,4090
150,472,377,4090
150,472,377,4090
150,472,377,4090
150,472,377,4090
150,472,377,4090
150,472,377,4090
150,472,377,4090
150,472,377,4090
150,472,377,4090
150,472,377,4090
150,472,377,4090
150,472,377,4090
150,472,377,4090
150,472,377,4090
150,472,377,4090
150,472,377,4090
150,472,377,4090
150,472,377,4090
150,472,377,4090
150,472,377,4090
150,472,377,4090
150,472,377,4090
150,472,377,4090
150,472,377,4090
150,472,377,4090
150,472,378,4090
150,472,378,4090
150,472,377,4090
150,472,377,4090
150,472,377,4090
150,472,377,4090
150,472,377,4090
150,472,377,3517
150,472,377,2978
150,472,377,2695
150,472,377,2201
150,472,377,1327
150,472,377,973
150,472,377,973
150,472,377,601
150,472,377,381
150,472,377,310
150,472,377,0
150,472,377,0
150,472,377,0
150,472,377,0
150,472,377,0
148,472,376,0
148,472,376,0
148,473,375,0
148,473,375,0
147,472,362,0
147,472,362,0
147,473,350,0
147,473,350,0
147,473,345,0
147,473,345,0
147,473,346,0
147,473,346,0
147,473,347,0
147,473,347,0
147,473,349,0
147,473,349,0
147,473,351,0
147,473,351,0
148,473,351,0
148,473,351,0
148,473,351,0
148,473,351,0
149,473,350,0
149,473,350,0
148,473,351,0
148,473,351,4090
148,473,351,4090
148,473,351,4090
148,473,351,4090
148,473,351,4090
149,473,347,4090
149,473,347,4090
148,473,353,4090
148,473,353,4090
150,473,375,4090
150,473,375,4090
149,473,399,4090
149,473,399,4090
148,472,411,4090
148,472,411,4090
151,473,416,4090
151,473,416,4090
151,472,413,4090
151,472,413,4090
149,473,396,4090
149,473,396,4090
148,472,359,4090
148,472,359,4090
148,473,329,3665
148,473,329,3370
148,472,326,2087
148,472,326,4090
148,473,344,4090
148,473,344,4090
148,472,367,4090
148,472,367,4090
149,473,383,4090
149,473,383,3568
149,472,382,3827
149,472,382,4090
149,473,367,4090
149,473,367,4090
148,473,341,4090
148,473,341,4090
148,473,325,4090
148,473,325,4090
149,473,328,4090
149,473,328,4090
148,473,347,4090
148,473,347,4090
149,473,367,4090
149,473,367,4090
149,473,375,4090
149,473,375,4090
149,473,375,4090
149,473,375,4090
149,473,375,4090
149,473,375,4090
148,473,375,4090
148,473,375,4090
148,473,375,4090
149,473,375,4090
149,473,375,4090
149,473,375,4090
149,473,375,4090
148,472,375,4090
148,472,375,4090
148,473,375,4090
148,473,375,4090
148,472,373,4090
148,472,373,4090
148,473,373,4090
148,472,371,4090
148,472,371,4090
148,472,371,4090
148,473,369,4090
148,473,369,4090
148,472,367,4090
148,472,367,4090
148,473,368,4090
148,473,368,4090
148,472,367,4090
148,472,367,4090
148,473,364,4090
148,473,364,4090
148,472,352,4090
148,472,352,4090
148,473,341,4090
148,473,341,4090
148,472,336,4090
148,472,336,4090
149,473,337,4090
149,473,337,4090
148,472,337,4090
148,472,337,4090
149,473,338,4090
149,473,338,4090
150,472,343,4090
150,472,343,4090
150,473,346,4090
150,473,346,3538
149,473,345,3964
149,473,345,4060
149,473,345,4060
149,473,345,3169
149,473,345,1620
149,473,345,1234
149,473,345,1231
149,473,345,874
149,473,345,364
149,473,345,319
149,473,345,0
149,473,345,0
149,473,345,0
149,473,345,0
149,473,345,0
149,473,345,0
149,473,347,0
149,473,347,0
149,473,351,0
149,473,351,0
149,473,355,0
149,473,355,0
149,473,358,0
149,473,358,0
149,473,358,0
149,473,358,0
149,471,356,0
149,471,356,0
149,468,355,0
149,468,355,0
149,453,354,0
149,453,354,0
149,425,355,0
149,425,355,2112
149,392,354,3294
149,392,354,3671
149,361,355,4084
149,361,355,3454
149,339,354,2451
149,339,354,3908
149,329,354,3908
149,329,354,4090
149,326,354,3537
149,326,354,4090
149,328,353,3405
149,328,353,2696
149,333,353,3641
149,333,353,3890
151,350,354,3458
151,350,354,1425
149,364,354,1425
149,364,354,3284
149,370,354,4033
149,370,354,3377
149,371,354,4037
149,371,354,3463
149,371,354,3556
149,371,354,3607
149,371,354,4090
149,371,354,4090
150,371,354,4090
150,371,354,4090
149,371,354,3465
149,371,354,4090
149,378,354,4090
149,378,354,4090
149,405,355,3277
149,405,355,4090
149,447,356,4090
149,447,356,4090
149,482,355,4090
149,482,355,4090
149,490,354,4090
149,490,354,4090
149,488,355,4090
149,488,355,4090
149,485,355,4090
149,485,355,4090
149,480,355,4090
149,480,355,4090
149,461,354,4090
149,461,354,4090
149,429,355,4090
149,429,355,4090
149,391,354,4090
149,391,354,4090
149,360,355,4090
149,360,355,4090
149,336,354,4090
149,336,354,4090
149,336,354,4090
149,324,355,4090
149,324,355,4090
149,324,355,4090
149,324,355,4090
149,327,356,4090
149,327,356,4090
149,342,356,4090
149,342,356,4090
149,376,356,4090
149,376,356,4090
149,419,356,4090
149,419,356,4090
149,455,355,4090
149,455,355,4090
149,468,355,4090
149,468,355,4090
149,468,355,4090
149,468,355,4090
149,468,354,4090
149,468,354,4090
149,458,354,4090
149,458,354,4090
149,432,354,4090
149,432,354,4090
149,394,354,4090
149,394,354,4090
149,355,354,4090
149,355,354,4090
149,322,354,3411
149,322,354,4090
149,298,354,3932
149,298,354,2687
149,288,354,3204
149,288,354,1514
149,292,355,1351
149,292,355,823
149,305,354,774
149,305,354,748
149,341,355,425
149,341,355,681
149,390,355,312
149,390,355,667
149,434,355,873
149,434,355,436
149,461,354,436
149,461,354,0
149,466,355,0
149,466,355,0
149,465,355,0
149,465,355,0
149,461,354,0
149,461,354,0
149,440,352,0
149,440,352,0
149,403,352,0
149,403,352,0
149,357,352,0
149,357,352,0
149,315,353,0
149,315,353,0
149,285,353,0
149,285,353,0
149,269,353,0
149,269,353,0
149,267,353,0
149,267,353,0
149,268,353,0
149,268,353,0
149,275,353,0
149,275,353,517
149,309,353,2363
149,309,353,4090
149,364,355,4090
149,364,355,4090
149,417,355,4090
149,417,355,4090
149,445,354,4090
149,445,354,4090
149,446,355,4090
149,446,355,4090
149,446,355,4090
149,446,355,2677
149,444,354,3340
149,444,354,3469
149,426,355,1582
149,426,355,1582
149,391,357,3164
149,391,357,4090
149,349,357,4090
149,349,357,4090
149,312,357,4090
149,312,357,4090
149,284,357,4090
149,284,357,4090
149,267,357,4090
149,267,357,4090
149,264,357,4090
149,264,357,4090
149,266,356,4090
149,266,356,4004
149,276,357,3756
149,276,357,4090
149,312,357,3238
149,312,357,4090
149,369,358,4090
149,369,358,4090
149,420,357,4090
149,420,357,4090
149,453,356,4090
149,453,356,4090
149,457,357,4090
149,457,357,4090
149,458,357,4090
149,458,357,4090
149,458,357,4090
149,458,357,4090
149,458,357,4090
149,458,357,4090
149,458,357,4090
149,458,357,4090
149,458,357,4090
149,458,357,4090
149,458,356,4090
149,458,356,4090
149,458,357,4090
149,458,357,4090
148,458,359,4090
148,458,359,4090
148,458,364,4090
148,458,364,4090
149,458,381,4090
149,458,381,4090
149,458,381,4090
149,458,407,4090
149,458,434,4090
149,458,434,4090
149,458,434,4090
149,458,455,4090
149,458,455,4090
149,458,471,4090
149,458,471,4090
148,458,479,4090
148,458,479,4090
149,458,480,4090
149,458,480,4090
149,458,480,4090
149,458,480,4090
148,458,480,4090
148,458,480,4090
148,458,478,4090
148,458,478,4090
148,458,477,4090
148,458,477,4090
148,458,476,4090
148,458,476,4090
148,458,476,4090
148,458,476,4090
149,458,473,4090
149,458,473,2982
149,458,466,2756
149,458,466,1956
149,458,450,1964
149,458,450,1356
149,458,427,1798
149,458,427,752
149,458,390,349
149,458,390,349
148,458,342,0
148,458,342,405
149,458,293,0
149,458,293,0
150,458,261,0
150,458,261,0
152,458,247,0
152,458,247,0
151,458,247,0
151,458,247,0
151,458,247,0
151,458,247,0
152,458,247,0
152,458,247,0
153,458,247,0
153,458,247,471
154,458,247,0
154,458,247,4090
155,458,247,4090
155,458,247,4090
155,458,247,4090
155,458,247,3102
154,458,247,2556
154,458,247,1172
154,458,247,1054
154,458,247,2749
154,458,249,4090
154,458,249,4090
154,458,261,4090
154,458,261,4090
154,458,282,2740
154,458,282,2168
153,458,309,1860
153,458,309,2668
153,458,339,4090
153,458,339,4090
153,458,365,4090
153,458,365,4090
152,458,380,4090
152,458,380,4090
152,458,382,4090
152,458,382,4090
152,458,382,4090
152,458,382,4090
152,458,382,4090
152,458,382,4090
151,458,382,4090
151,458,382,2944
152,458,382,1874
152,458,382,2327
152,458,382,4090
152,458,382,4090
152,458,382,4090
152,458,382,4090
152,458,383,4090
152,458,383,4090
152,458,384,4090
152,458,384,4090
152,458,382,4090
152,458,382,4090
152,458,382,4090
152,458,382,3739
152,458,382,2982
152,458,382,2185
152,458,381,2907
152,458,381,3747
152,458,382,3599
152,458,382,3114
152,458,382,3114
152,458,382,3874
152,458,381,4090
152,458,381,4090
152,458,375,4090
152,458,375,4090
152,458,370,4090
152,458,370,4090
152,458,368,4090
152,458,368,4090
152,458,368,4090
152,458,368,4090
152,458,368,4090
152,458,368,4090
152,458,368,4090
152,458,368,4090
152,458,368,4090
152,458,368,4090
152,458,368,4090
152,458,368,4090
152,458,368,4090
152,458,368,4090
152,458,368,4090
152,458,368,4090
152,458,368,4090
152,458,368,4090
152,458,368,4090
152,458,368,4090
152,458,368,4090
152,458,369,4090
152,458,369,4090
152,458,368,4090
152,458,368,4090
152,458,369,4090
152,458,369,4090
152,458,368,4090
152,458,368,4090
152,458,369,4090
152,458,369,3326
152,458,368,2708
152,458,368,1720
152,458,368,1220
152,458,368,758
151,458,368,769
151,458,368,745
151,458,368,630
151,458,368,559
151,458,366,568
151,458,366,558
150,458,363,584
150,458,363,361
150,458,360,0
150,458,360,0
150,458,360,0
150,458,360,0
150,458,359,0
150,458,359,0
150,459,356,0
150,459,356,0
151,459,352,0
151,459,352,0
151,459,350,0
151,459,350,0
152,459,351,0
152,459,351,0
151,459,351,0
151,459,351,0
151,459,352,0
151,459,352,0
150,459,352,0
150,459,352,0
151,460,352,0
151,460,352,0
151,459,352,0
151,459,352,0
151,461,352,0
151,461,352,0
150,466,352,0
150,466,352,0
150,475,351,0
150,475,351,0
150,478,351,0
150,478,351,0
151,479,351,0
151,479,351,0
150,478,352,0
150,478,352,0
151,479,352,0
151,479,352,0
150,479,352,0
150,479,352,0
151,480,352,0
151,480,352,0
151,479,352,0
151,479,352,0
151,480,352,0
151,480,352,0
151,479,352,0
151,479,352,0
151,480,352,0
151,480,352,0
151,479,352,0
151,479,352,0
151,479,352,0
151,479,352,0
151,479,352,0
151,479,352,0
151,479,352,0
151,479,352,0
151,479,352,0
151,479,352,0
151,479,352,0
151,479,352,0
151,479,352,0
151,479,352,0
151,479,352,0
151,479,352,0
151,479,353,0
151,479,353,0
151,479,353,0
151,479,353,0
151,479,353,0
151,479,353,0
151,479,353,0
151,479,353,0
151,479,354,0
151,479,354,782
151,479,353,1502
151,479,353,2264
152,479,354,2588
152,479,354,2890
152,479,354,2739
152,479,354,2233
152,479,354,3028
152,479,354,3028
152,479,353,4006
152,479,353,3392
152,479,354,3510
152,479,354,3956
151,479,353,4090
151,479,353,4090
151,479,354,4090
151,479,354,3728
151,479,353,3501
151,479,353,3302
151,479,354,2976
151,479,354,4090
151,479,353,3773
151,479,353,3343
150,479,353,3161
150,479,353,2884
151,479,352,4090
151,479,352,2638
152,479,352,2638
152,479,352,3098
152,479,352,2749
152,479,352,3049
152,479,352,2523
152,479,352,1647
152,479,352,1510
152,479,352,1574
152,479,352,1850
152,479,352,2011
152,479,352,2548
152,479,352,2913
152,479,352,2468
152,479,352,2468
152,479,352,2437
152,479,352,2212
152,479,352,1772
152,479,352,1813
152,479,352,1919
152,479,352,2489
152,479,352,2576
152,479,352,2575
152,479,352,2621
152,479,352,2087
152,479,352,1639
152,479,352,2279
152,479,352,3103
152,479,352,3339
152,479,352,2408
151,479,353,2326
151,479,353,3081
151,479,353,2703
151,479,353,2703
152,479,353,4090
152,479,353,3836
152,479,354,1533
152,479,354,1124
151,479,353,495
151,479,353,979
152,479,356,2519
152,479,356,3246
151,479,361,1841
151,479,361,2483
152,479,367,2463
152,479,367,2530
151,478,369,2530
151,478,369,2557
152,479,375,2821
152,479,375,2665
151,479,381,2719
151,479,381,2904
151,479,388,2606
151,479,388,2337
151,479,393,3184
151,479,393,3198
151,479,400,3198
151,479,400,2356
151,479,404,2889
151,479,404,3005
151,479,406,1921
151,479,406,2445
151,479,409,2126
151,479,409,2925
151,479,414,2453
151,479,414,1932
151,478,418,1932
151,478,418,1578
151,479,420,2483
151,479,420,1801
151,479,423,1997
151,479,423,1628
152,479,426,1431
152,479,426,1104
151,479,428,1372
151,479,428,1372
152,479,431,2470
152,479,431,2595
151,479,434,2429
151,479,434,2605
151,479,436,3045
151,479,436,2383
151,479,439,3475
151,479,439,3475
151,479,442,2962
151,479,442,3160
152,479,444,2612
152,479,444,3503
151,479,447,3547
151,479,447,2946
152,479,450,3007
152,479,450,2923
151,479,451,2923
151,479,451,2804
151,479,455,2755
151,479,455,2459
151,479,457,2246
151,479,457,1950
151,479,460,2071
151,479,460,2748
151,479,461,1829
151,479,461,1703
151,479,464,1283
151,479,464,1009
151,479,465,897
151,479,465,762
151,479,465,926
151,479,465,912
151,479,467,1001
151,479,467,800
151,479,471,961
151,479,471,904
151,479,472,816
151,479,472,874
151,479,474,996
151,479,474,939
151,479,475,939
151,479,475,1033
151,479,477,1070
151,479,477,584
151,479,479,509
151,479,479,0
151,479,480,719
151,479,480,646
151,478,480,660
151,478,480,940
151,479,480,940
151,479,480,747
151,479,480,607
151,479,480,921
151,479,480,717
151,479,480,796
151,479,480,642
151,479,480,578
151,479,480,579
151,479,480,579
151,479,480,565
151,479,480,607
151,479,480,1227
151,479,480,1311
151,479,480,1511
151,479,480,1938
151,479,480,2125
151,479,480,2167
151,479,480,2167
151,479,480,2228
151,479,480,2064
151,479,480,1874
151,479,480,1529
151,479,480,1552
151,479,480,1164
151,479,480,1634
151,479,480,1782
151,479,480,2197
151,479,480,1902
151,479,480,1792
151,479,480,1414
151,479,480,1340
151,479,480,1487
151,478,480,1074
151,478,480,1686
151,479,477,1976
151,479,477,1976
151,479,474,1469
151,479,474,1985
151,479,474,2158
151,479,474,2154
151,479,472,1614
151,479,472,1457
151,479,471,1152
151,479,471,1600
151,479,469,1870
151,479,469,2012
151,479,467,1820
151,479,467,1820
151,479,465,1847
151,479,465,1847
151,479,463,1723
151,479,463,2306
151,479,459,2290
151,479,459,2099
151,479,457,585
151,479,457,2033
151,479,454,1049
151,479,454,1746
151,479,450,1323
151,479,450,1323
152,479,446,968
152,479,446,1405
151,479,442,1100
151,479,442,644
151,479,439,759
151,479,439,2800
151,479,435,1655
151,479,435,852
151,479,432,1310
151,479,432,346
151,479,427,347
151,479,412,0
151,479,411,0
151,479,411,0
151,479,408,0
151,479,408,0
151,479,405,0
151,479,405,0
151,478,402,0
151,478,402,0
151,479,397,0
151,479,397,0
152,479,393,0
152,479,393,0
151,479,390,0
151,479,390,0
152,479,386,0
152,479,386,0
152,479,386,0
152,479,384,0
152,479,382,0
152,479,382,0
151,479,381,0
151,479,381,0
151,479,381,0
152,479,378,0
152,479,378,0
152,479,375,0
152,479,375,535
151,479,373,2324
151,479,373,2708
151,479,372,3293
151,479,372,2943
151,479,371,2726
151,479,371,3692
151,479,370,4090
151,479,370,4090
152,479,369,4090
152,479,369,4090
152,479,370,4090
152,479,370,3877
151,479,370,4090
151,479,370,4090
152,479,370,3661
152,479,370,3402
152,479,369,3880
152,479,369,4090
151,479,369,4090
151,479,369,4090
151,479,369,4090
151,479,369,3449
152,479,368,3543
152,479,368,3764
151,479,367,4090
151,479,367,4090
151,479,366,4079
151,479,366,2775
152,479,367,2777
152,479,367,2501
152,479,366,2417
152,479,366,2381
152,479,367,2325
152,479,367,2274
151,479,366,1901
151,479,366,1531
151,479,366,1531
151,479,366,1729
151,479,365,1838
151,479,365,2021
151,479,363,2274
151,479,363,2397
152,479,360,2670
152,479,360,1742
151,479,360,2266
151,479,360,2266
151,479,359,2690
151,479,359,2073
151,479,356,2321
151,479,356,1839
151,479,354,1201
151,479,354,1447
152,479,353,1675
152,479,353,1143
152,479,352,850
152,479,352,591
151,479,352,350
151,479,352,517
152,479,352,517
152,479,352,1707
151,479,352,2146
151,479,352,2314
151,479,351,2548
151,479,351,2834
151,479,348,3201
151,479,348,3500
152,479,345,3820
152,479,345,3820
151,479,340,3905
151,479,340,4090
151,479,335,4090
151,479,335,4090
152,479,331,4090
152,479,331,3570
151,479,326,3582
151,479,326,2990
151,479,322,2038
151,479,322,2038
151,479,316,2657
151,479,316,2671
151,479,312,2644
151,479,312,2682
152,479,308,2656
152,479,308,2697
152,479,303,2697
152,479,303,2887
151,479,300,3267
151,479,300,2618
151,479,295,2013
151,479,295,1949
152,479,292,1553
152,479,292,1002
151,478,290,1002
151,478,290,1511
151,479,288,2071
151,479,288,2533
152,478,288,1730
152,478,288,1950
152,479,288,2166
152,479,288,2710
152,478,288,2028
152,478,288,2054
152,479,288,2053
152,479,288,2053
152,479,288,1783
152,479,288,1080
152,479,288,625
152,479,288,662
152,479,287,625
152,479,287,384
152,479,285,0
152,479,285,0
152,479,284,0
152,479,284,0
152,479,283,0
152,479,283,0
152,479,281,0
152,479,281,0
152,479,281,0
152,479,281,0
152,479,281,0
152,479,281,0
152,479,281,0
152,479,281,0
152,479,281,2210
152,479,281,3323
152,479,282,3814
152,479,282,3814
152,479,282,3484
152,479,284,3495
152,479,284,2830
152,479,285,3797
152,479,285,4090
152,479,289,4090
152,479,289,4090
152,479,292,4090
152,479,292,2643
151,479,292,2838
151,479,292,2811
151,479,292,4090
151,479,292,4090
151,479,293,4090
151,479,293,4090
151,479,292,4090
151,479,292,4090
152,479,295,4090
152,479,295,4090
151,479,300,4090
151,479,300,4090
151,479,303,4090
151,479,303,4090
151,479,305,4090
151,479,305,4090
151,479,307,4090
151,479,307,4090
151,479,309,4090
151,479,309,4090
151,479,312,4090
151,479,312,4090
151,479,313,4090
151,479,313,4090
151,479,314,4090
151,479,314,4090
151,479,316,4090
151,479,316,4090
151,479,322,4090
151,479,322,4090
151,479,325,4090
151,479,325,4090
151,479,329,4090
151,479,329,4090
151,479,330,4090
151,479,330,4090
151,479,332,4090
151,479,332,4090
152,479,334,4090
152,479,334,4090
151,479,336,4090
151,479,336,4090
151,479,338,4090
151,479,338,4090
151,479,340,4090
151,479,340,4090
151,479,342,4090
151,479,342,4088
151,479,345,4090
151,479,345,4090
151,479,346,4090
151,479,346,3683
151,479,348,3614
151,479,348,4090
152,479,350,4090
152,479,350,4090
151,479,351,4090
151,479,351,4090
151,479,352,4090
151,479,352,4090
151,479,353,4090
151,479,353,4090
151,479,356,3904
151,479,356,3842
151,478,356,3842
151,478,356,4090
151,479,357,4026
151,479,357,3383
151,479,358,3698
151,479,358,4090
152,479,359,4090
152,479,359,4090
151,479,358,4090
151,479,358,4090
151,479,359,4090
151,479,359,4090
151,479,358,3899
151,479,358,3579
151,479,359,4090
151,479,359,4090
151,479,358,3983
151,479,358,4067
151,479,358,4090
151,479,358,3782
151,479,358,3782
151,479,358,3387
152,479,358,3681
152,479,358,3945
151,479,356,4090
151,479,356,3202
152,479,356,1808
152,479,356,2596
152,479,356,2899
152,479,356,1410
151,479,356,957
151,479,356,616
152,479,356,616
152,479,356,505
152,479,356,406
152,479,356,320
152,479,356,338
152,479,356,353
152,479,356,0
152,479,356,0
152,479,356,0
152,479,356,0
152,479,355,0
152,479,355,0
152,479,356,0
152,479,356,0
152,479,356,0
151,479,355,0
151,479,355,0
151,479,355,0
150,477,354,0
150,477,354,0
150,477,354,369
146,465,354,369
146,465,354,2839
139,434,355,3545
139,434,355,3463
139,410,354,3216
139,410,354,4090
139,403,353,4090
139,403,353,4090
140,404,352,4090
140,404,352,4090
144,405,352,4090
144,405,352,4090
149,415,352,4090
149,415,352,4090
165,435,352,4090
165,435,352,4090
190,456,352,4090
190,456,352,4090
217,466,353,4090
217,466,353,4090
232,468,357,4090
232,468,357,4090
237,468,360,4090
237,468,360,4090
237,468,360,4090
237,468,360,4090
235,468,360,3382
235,468,360,2042
226,460,359,1665
226,460,359,2265
203,438,359,3231
203,438,359,3578
176,410,359,3079
176,410,359,2162
157,386,359,2162
157,386,359,1682
154,374,359,1205
154,374,359,1181
154,372,359,890
154,372,359,776
154,373,359,799
154,373,359,511
155,376,359,0
155,376,359,356
160,385,359,445
160,385,359,445
177,403,359,2099
177,403,359,2498
202,429,357,2387
202,429,357,1880
225,446,357,1963
225,446,357,1119
242,448,358,1119
242,448,358,956
247,449,359,853
247,449,359,940
247,449,360,626
247,449,360,498
244,451,360,702
244,451,360,580
237,450,360,726
237,450,360,1104
227,444,360,1081
227,444,360,1249
205,425,360,1249
205,425,360,1309
180,404,361,1287
180,404,361,1191
163,388,361,1282
163,388,361,1441
158,384,360,1482
158,384,360,1409
158,384,360,1506
158,384,360,1101
160,385,360,1131
160,385,360,1131
165,394,360,1205
165,394,360,1015
185,418,359,1496
185,418,359,1479
210,447,357,1659
210,447,357,1649
231,461,357,1825
231,461,357,1965
247,461,358,1965
247,461,358,1910
250,461,359,1854
250,461,359,846
248,461,359,659
248,461,359,561
241,460,358,501
241,460,358,1797
222,446,358,2784
222,446,358,2354
193,425,360,2431
193,425,360,2431
167,404,360,2047
167,404,360,1893
155,388,359,1487
155,388,359,1334
152,378,359,636
152,378,359,811
152,376,358,862
152,376,358,393
152,379,359,0
152,379,359,0
157,388,359,0
157,388,359,0
168,417,357,0
168,417,357,0
188,451,357,0
188,451,357,0
195,470,357,0
195,470,357,0
195,470,359,0
195,470,359,0
195,470,360,0
195,470,360,0
195,470,359,0
195,470,359,0
194,470,360,0
194,470,360,443
189,469,357,1300
189,469,357,1300
189,469,357,2249
162,470,359,2694
162,470,359,2377
136,470,359,2367
136,470,359,2688
137,470,359,3091
137,470,359,2929
138,470,359,2929
138,470,359,2806
138,470,359,2891
138,470,359,3231
138,470,359,3209
138,470,359,2938
138,470,359,3156
138,470,359,3381
138,470,359,3319
138,470,359,3357
138,471,359,3380
138,471,359,3737
138,470,359,3737
138,470,359,3594
138,470,358,3588
138,470,358,3770
138,470,359,3647
138,470,359,3290
138,470,359,3098
138,470,359,2482
138,470,359,2482
138,470,359,2017
138,470,359,1123
138,470,359,1132
138,471,359,1758
138,471,359,1936
138,470,359,2099
138,470,359,2233
138,471,359,2430
138,471,359,2545
138,470,359,2597
138,470,359,2597
138,471,359,2898
138,471,359,2739
138,470,359,2474
138,470,359,2708
138,471,359,2325
138,471,359,2478
137,470,359,2516
137,470,359,2593
138,471,360,2593
138,471,360,3091
138,470,359,2815
138,470,359,2976
138,471,360,3473
138,471,360,4090
137,470,358,4090
137,470,358,3479
137,471,356,3703
137,471,356,2510
137,470,351,2403
137,470,351,2310
137,470,341,1461
137,470,341,1159
137,469,328,704
137,469,328,1961
136,470,315,3291
136,470,315,3052
137,469,300,3052
137,469,300,3200
136,469,286,4090
136,469,286,4090
137,469,277,4090
137,469,277,4090
137,469,273,4090
137,469,273,4090
137,469,272,4090
137,469,272,4090
137,469,273,4090
137,469,273,4090
137,469,274,4090
137,469,274,3515
138,470,276,3882
138,470,276,4090
138,470,279,3476
138,470,279,3222
138,470,290,2871
138,470,290,2640
138,470,301,2640
138,470,301,2576
138,470,317,2765
138,470,317,2953
138,470,337,3511
138,470,337,2809
138,470,357,1792
138,470,357,1111
138,470,378,1456
138,470,378,1349
137,470,399,995
137,470,399,673
137,471,417,2340
137,471,417,2868
138,470,428,2658
138,470,428,1709
138,471,435,1297
138,471,435,1570
138,470,437,1041
138,470,437,699
138,471,437,343
138,471,437,0
138,470,435,0
138,470,435,0
136,470,433,0
136,470,433,0
136,469,420,0
136,469,420,0
136,470,400,0
136,470,400,0
136,469,380,0
136,469,380,0
136,469,361,0
136,469,361,0
137,466,349,0
137,466,349,0
137,463,344,0
137,463,344,0
138,461,341,0
138,461,341,0
140,468,341,773
140,468,341,1788
149,496,341,4090
149,496,341,4090
177,497,342,4090
177,497,342,4090
209,497,343,4090
209,497,343,4090
209,497,343,4090
225,497,343,4090
226,497,344,4090
226,497,344,4090
226,497,344,4090
225,497,346,4090
218,497,348,4090
218,497,348,4090
218,497,348,4090
196,487,348,4090
196,487,348,4090
166,457,351,4090
166,457,351,4090
141,432,352,4090
141,432,352,4090
136,417,352,4090
136,417,352,4090
136,411,351,4090
136,411,351,4090
136,411,352,4090
136,411,352,4090
137,411,352,4090
137,411,352,4090
138,412,353,4090
138,412,353,4090
139,418,355,4090
139,418,355,4090
140,441,361,4090
140,441,361,4090
146,475,363,4090
146,475,363,4090
166,493,363,4090
166,493,363,4090
196,492,362,4090
196,492,362,4090
210,492,361,4090
210,492,361,4090
214,491,361,4090
214,491,361,4090
214,492,361,4090
214,492,361,4090
209,491,361,4090
209,491,361,4090
196,482,362,4090
196,482,362,4090
175,461,362,4090
175,461,362,4090
154,439,362,4090
154,439,362,4090
146,428,361,4090
146,428,361,4090
144,425,360,4090
144,425,360,4090
144,425,358,4090
144,425,358,4090
146,425,358,3648
146,425,358,3353
149,427,358,4090
149,427,358,4090
156,430,358,4090
156,430,358,4090
176,448,357,4090
176,448,357,4090
198,472,352,4090
198,472,352,4090
210,482,352,4090
210,482,352,4090
216,482,353,4090
216,482,353,4090
217,483,353,4090
217,483,353,2701
216,482,353,1747
216,482,353,4040
210,481,354,4090
210,481,354,4090
200,467,353,4090
200,467,353,4090
180,444,355,4090
180,444,355,4090
160,424,357,4090
160,424,357,4090
149,414,357,4090
149,414,357,4090
143,412,356,4090
143,412,356,4090
143,413,355,2144
143,413,355,2110
146,413,356,3448
146,413,356,3750
151,417,357,3604
151,417,357,3211
163,432,356,3211
163,432,356,3892
183,458,354,3741
183,458,354,4075
197,481,354,4090
197,481,354,4090
204,493,355,4090
204,493,355,4090
204,494,356,4090
204,494,356,4090
204,494,356,4090
204,494,356,4090
200,494,356,3515
200,494,356,4090
189,494,356,4090
189,494,356,4090
178,494,354,3628
178,494,354,2562
165,493,355,3371
165,493,355,3371
157,494,355,2841
157,494,355,2600
154,493,355,2247
154,493,355,2592
155,494,355,2461
155,494,355,1210
156,493,356,825
156,493,356,1055
160,490,356,1397
160,490,356,1397
166,479,356,4090
166,479,356,4090
166,479,356,4090
186,466,357,4090
209,449,356,4090
209,449,356,4090
232,431,356,4090
232,431,356,4090
232,431,356,4090
254,409,355,4090
254,409,355,4090
272,388,355,4090
272,388,355,4090
285,368,355,4090
285,368,355,4090
287,355,355,4090
287,355,355,4090
282,352,355,4090
280,359,355,4090
280,359,355,4090
280,359,355,4090
265,376,355,4090
265,376,355,4090
241,402,355,4090
241,402,355,4090
217,427,355,4090
217,427,355,4090
202,438,357,4090
202,438,357,4090
204,434,357,4090
204,434,357,3711
217,425,357,4090
217,425,357,1479
234,408,357,4090
234,408,357,4090
260,388,357,4090
260,388,357,4090
284,367,356,4090
284,367,356,4090
306,345,356,4090
306,345,356,4090
325,325,356,4090
325,325,356,4090
334,313,356,4090
334,313,356,4090
336,309,357,4090
336,309,357,4090
331,309,357,4090
331,309,357,4090
328,310,357,4090
328,310,357,4090
317,316,357,4090
317,316,357,4090
295,332,357,4090
295,332,357,4090
268,356,357,4090
268,356,357,4090
240,381,357,4090
240,381,357,4090
219,402,356,4090
219,402,356,4090
211,408,357,4090
211,408,357,4090
218,403,356,4090
218,403,356,4090
232,392,356,4090
232,392,356,4090
257,372,356,4090
257,372,356,4090
284,346,357,4090
284,346,357,4090
311,319,357,4090
311,319,357,4090
337,295,356,3821
337,295,356,1544
360,275,357,1868
360,275,357,1539
378,264,358,971
378,264,358,686
389,262,358,519
389,262,358,592
392,262,358,870
392,262,358,685
393,262,358,685
393,262,358,552
390,262,358,535
390,262,358,332
389,262,357,0
389,262,357,0
391,262,357,0
391,262,357,0
392,261,358,0
392,261,358,0
391,260,358,0
391,260,358,0
390,260,359,0
390,260,359,470
390,258,360,1395
390,258,360,1269
386,248,360,1811
386,248,360,1811
383,234,359,1750
383,234,359,1435
378,217,359,1567
378,217,359,1545
370,201,360,986
370,201,360,1684
363,191,359,1373
363,191,359,1698
360,189,359,1518
360,189,359,1518
359,189,359,1555
359,189,359,1705
356,189,359,1812
356,189,359,1845
355,189,360,1905
355,189,360,1794
354,189,359,1729
354,189,359,1981
354,189,360,1921
354,189,360,1921
355,189,359,1934
355,189,359,2083
361,189,359,2147
361,189,359,2339
365,190,356,2020
365,190,356,1717
372,192,354,1586
372,192,354,1973
387,208,352,1973
387,208,352,4090
409,237,348,4090
409,237,348,4090
428,273,345,4090
428,273,345,3429
444,307,344,3791
444,307,344,3711
444,307,344,3974
455,332,344,4090
462,347,344,4090
462,347,344,4090
462,347,344,4090
463,351,344,4090
463,351,344,4090
463,350,344,4090
463,350,344,4090
463,350,344,4090
463,350,344,4090
463,350,344,4090
463,350,344,4090
464,351,344,4090
464,351,344,3807
463,350,344,4090
463,350,344,4090
463,351,344,4090
463,351,344,4090
464,351,344,4090
464,351,344,4090
464,351,345,4090
464,351,345,4090
463,350,344,4090
463,350,344,4090
464,351,345,4090
464,351,345,3362
463,350,345,3395
463,350,345,3628
463,351,345,3749
463,351,345,3138
461,350,345,2869
461,350,345,3243
460,351,346,2867
460,351,346,2843
458,350,347,3777
458,350,347,4012
458,351,350,4090
458,351,350,4090
458,350,351,4090
458,350,351,4090
460,351,351,3932
460,351,351,4090
461,350,350,4090
461,350,350,4090
462,351,350,3662
462,351,350,3662
462,351,349,2916
462,351,349,2468
463,351,348,2825
463,351,348,2874
461,352,349,3239
461,352,349,3237
457,351,353,3099
457,351,353,3606
451,351,367,3591
451,351,367,3591
445,352,395,3352
445,352,395,4056
435,351,420,4090
435,351,420,4090
424,351,441,3412
424,351,441,2643
412,351,452,2263
412,351,452,2975
405,351,454,3652
405,351,454,4090
405,351,454,4090
405,351,454,4090
405,351,453,4090
405,351,453,4090
405,351,453,4090
405,351,453,4090
405,351,453,4090
405,351,453,4090
405,351,453,4090
405,351,453,4090
407,351,452,4090
407,351,452,4090
409,351,451,4090
409,351,451,4090
409,351,447,4090
409,351,447,4090
409,351,439,3559
409,351,439,1932
409,351,427,1479
409,351,427,2029
411,351,411,2029
411,351,411,3088
412,351,388,3659
412,351,388,3306
414,352,365,3724
414,352,365,4090
419,349,351,3170
419,349,351,1360
425,348,349,739
425,348,349,511
428,347,350,0
428,347,350,0
429,348,352,0
429,348,352,0
425,345,352,0
425,345,352,0
425,338,354,0
425,338,354,0
425,331,355,0
425,331,355,0
423,324,357,0
423,324,357,0
418,319,360,0
418,319,360,0
410,318,362,0
410,318,362,0
395,319,362,0
395,319,362,0
374,323,363,0
374,323,363,0
343,332,361,0
343,332,361,0
301,361,359,0
301,361,359,0
253,398,354,1521
253,398,354,2818
210,435,349,1955
210,435,349,2038
177,468,349,2289
177,468,349,2281
160,482,348,2163
160,482,348,3406
159,483,349,4090
159,483,349,2801
159,483,349,2801
156,483,350,3585
157,483,351,4090
157,483,351,3938
157,483,351,3752
155,482,350,3883
155,482,350,4090
155,483,349,3821
155,483,349,3821
156,482,349,4090
156,482,349,4090
155,483,349,4090
155,483,349,4090
156,482,350,4090
156,482,350,3056
155,483,351,4090
155,483,351,4090
156,482,350,4090
156,482,350,4090
155,483,350,4090
155,483,350,4090
156,482,350,4090
156,482,350,4090
156,483,349,4090
156,483,349,4031
156,482,348,4090
156,482,348,3885
155,482,349,4090
155,482,349,4090
155,482,348,4090
155,482,348,4090
155,482,348,3552
155,482,348,3396
155,482,348,3814
155,482,348,3287
155,482,348,2269
155,482,348,3379
155,482,345,4089
155,482,345,3583
154,482,342,2986
154,482,342,4090
154,482,340,4090
154,482,340,4090
154,482,338,4090
154,482,338,4090
155,482,337,3836
155,482,337,2969
156,482,337,2848
156,482,337,3094
157,483,339,3859
157,483,339,2654
159,483,340,2586
159,483,340,3923
160,483,344,3900
160,483,344,3900
160,483,352,4090
160,483,352,4090
161,483,362,4090
161,483,362,3690
161,483,377,4090
161,483,377,3400
160,483,398,3400
160,483,398,1934
159,483,418,1942
159,483,418,1989
158,483,431,1681
158,483,431,1520
158,483,435,756
158,483,435,913
159,483,437,1334
159,483,437,4090
159,483,437,4090
159,483,437,4090
159,483,437,4090
159,483,437,4090
158,483,436,4090
158,483,436,4090
157,483,435,4090
157,483,435,4090
156,482,435,4090
156,482,435,4090
156,482,432,2009
156,482,432,2327
156,482,420,1846
156,482,420,2091
156,482,405,3221
156,482,405,2684
155,482,385,1920
155,482,385,1226
155,482,363,917
155,482,363,917
155,482,340,805
155,482,340,595
155,482,318,0
155,482,318,0
156,482,303,0
156,482,303,0
156,482,297,0
156,482,297,0
157,482,296,0
157,482,296,0
159,482,298,0
159,482,298,0
160,483,298,1121
160,483,298,1609
159,483,303,1391
159,483,303,1379
160,483,311,1453
160,483,311,1398
156,483,313,1143
156,483,313,1143
156,482,311,1567
156,482,311,1682
155,482,305,1730
155,482,305,1272
156,482,294,1263
156,482,294,1276
160,481,288,1276
160,481,288,2899
169,484,287,4090
169,484,287,4090
201,496,286,4090
201,496,286,4090
245,497,285,4090
245,497,285,4090
270,496,284,4090
270,496,284,4090
282,497,284,4090
282,497,284,4090
281,496,284,4090
281,496,284,4090
281,496,284,4090
281,60,282,4090
281,60,282,4090
270,496,281,4090
270,496,281,4090
248,494,283,4090
248,494,283,4090
214,467,285,4090
214,467,285,4090
174,441,284,4090
174,441,284,3711
149,423,283,4090
149,423,283,4090
145,409,281,4090
145,409,281,4090
146,404,282,4090
146,404,282,4090
145,405,282,4090
145,405,282,4090
146,406,282,4090
146,406,282,4090
152,409,281,4090
152,409,281,4090
177,430,280,4090
177,430,280,4090
216,462,279,4090
216,462,279,4090
246,489,273,4090
246,489,273,4090
261,493,268,4090
261,493,268,4090
260,492,267,3959
260,492,267,3683
252,491,268,3696
252,491,268,3696
238,490,270,3690
238,490,270,4090
218,475,273,3845
218,475,273,3632
184,449,278,3521
184,449,278,3440
152,427,281,3343
152,427,281,3657
139,413,283,4090
139,413,283,4090
139,407,283,4090
139,407,283,4090
140,408,284,3818
140,408,284,4013
143,409,284,4090
143,409,284,4090
152,417,283,4090
152,417,283,4090
181,438,279,4090
181,438,279,3782
224,467,275,3481
224,467,275,2773
256,489,267,2343
256,489,267,2909
269,490,267,2858
269,490,267,3176
269,490,268,3176
269,490,268,3321
268,490,270,2993
268,490,270,3229
260,486,270,3338
260,486,270,2815
237,474,274,2116
237,474,274,2473
208,452,280,3074
208,452,280,2865
167,432,289,2543
167,432,289,2583
136,417,294,2113
136,417,294,2178
135,412,292,2598
135,412,292,3145
135,412,291,3058
135,412,291,3264
135,412,291,3264
135,412,291,3341
135,417,290,3407
135,417,290,3156
137,433,288,2676
137,433,288,2099
153,461,288,2255
153,461,288,2255
192,487,285,2187
192,487,285,1211
228,497,279,867
228,497,279,1001
246,496,278,591
246,496,278,310
249,497,278,0
249,497,278,0
246,497,278,0
246,497,278,0
240,497,278,0
240,497,278,0
225,490,280,0
225,490,280,0
189,469,282,0
189,469,282,0
154,451,286,0
154,451,286,0
136,442,287,0
136,442,287,0
137,439,287,0
137,439,287,0
137,440,287,0
137,440,287,0
137,441,286,0
137,441,286,0
146,447,287,0
146,447,287,0
171,468,285,1098
171,468,285,1110
211,489,284,1311
211,489,284,1471
242,496,281,1471
242,496,281,1805
259,497,281,1779
259,497,281,1741
268,497,281,2895
268,497,281,3207
268,497,281,3113
270,497,281,3511
270,497,282,3483
270,497,282,3647
270,497,282,3545
269,497,282,3829
268,497,282,3760
268,497,282,3314
266,496,282,3495
266,496,282,3767
262,497,283,4090
262,497,283,4090
261,496,283,4090
261,496,283,4090
260,497,285,3887
260,497,285,3317
259,496,289,3088
259,496,289,3279
256,492,296,3279
256,492,296,3201
249,486,305,2696
249,486,305,2897
239,484,316,3194
239,484,316,3373
237,483,326,3600
237,483,326,3841
241,484,336,4090
241,484,336,4090
245,483,348,4090
245,483,348,4090
246,484,361,3829
246,484,361,4090
247,484,373,4090
247,484,373,4090
247,484,384,4090
247,484,384,4090
247,484,392,4090
247,484,392,4090
246,485,398,4090
246,485,398,4090
245,485,403,4090
245,485,403,4090
237,485,406,4090
237,485,406,4090
235,485,407,4090
235,485,407,4090
235,483,405,4090
235,483,405,4090
237,482,403,4090
237,482,403,3288
247,475,403,3255
247,475,403,3952
251,461,403,2525
251,461,403,2821
264,440,403,2821
264,440,403,1863
280,414,403,4090
280,414,403,4090
295,388,401,4090
295,388,401,4090
315,360,397,4090
315,360,397,4090
330,334,392,4090
330,334,392,4090
346,314,387,4090
346,314,387,4090
361,301,381,4090
361,301,381,4090
374,294,375,4090
374,294,375,4090
387,290,370,4090
387,290,370,4090
398,290,367,4090
398,290,367,4090
405,290,363,4090
405,290,363,3849
406,292,359,4090
406,292,359,4090
399,292,354,4090
399,292,354,4090
390,293,352,4090
390,293,352,3501
377,295,352,3039
377,295,352,4090
358,306,352,4090
358,306,352,2617
334,327,348,2173
334,327,348,1820
312,354,343,1820
312,354,343,3001
292,381,339,3202
292,381,339,3227
271,403,337,3242
271,403,337,2839
251,418,335,2932
251,418,335,3786
231,430,335,2969
231,430,335,2703
214,439,337,3692
214,439,337,2464
201,447,337,1896
201,447,337,2271
191,455,338,1925
191,455,338,1431
184,462,338,883
184,462,338,766
177,471,337,1147
177,471,337,1555
166,482,337,1226
166,482,337,1057
158,497,337,1057
158,497,337,0
153,497,337,0
153,497,337,0
152,497,338,0
152,497,338,0
151,497,341,0
151,497,341,0
151,497,342,0
151,497,342,0
151,496,342,0
151,496,342,426
151,497,342,704
151,497,342,1626
151,496,342,2772
151,496,342,2641
151,497,342,2365
151,497,342,2724
151,496,341,4049
151,496,341,4090
152,497,341,4090
152,497,341,4090
152,497,341,4090
151,496,341,4090
151,496,341,4090
152,497,341,4090
152,497,341,4090
151,496,341,4090
151,496,341,4090
151,497,341,4090
151,497,341,4090
151,497,342,4090
151,497,342,4090
152,497,342,4090
152,497,342,4090
152,496,342,4090
152,496,342,4090
152,497,342,4090
152,497,342,4090
152,496,342,4090
152,496,342,4090
152,497,342,3311
152,497,342,2912
151,496,342,2912
151,496,342,1974
151,497,342,2021
151,497,342,2053
152,497,342,2135
152,497,342,1938
152,497,342,2166
152,497,342,2915
152,497,342,2915
152,497,342,2901
152,496,342,3585
152,496,342,3547
152,497,342,4090
152,497,342,4090
151,497,342,4090
151,497,342,4090
151,497,341,3115
151,497,341,2226
151,496,340,2121
151,496,340,2121
151,497,339,2721
151,497,339,4090
151,497,339,4090
151,497,339,3960
151,497,339,3493
151,497,339,2864
151,496,338,4090
151,496,338,3400
151,497,341,3400
151,497,341,2060
152,497,342,1605
152,497,342,2453
153,497,343,1990
153,497,343,2769
153,496,342,3358
153,496,342,4090
153,497,343,4090
153,497,343,4090
154,496,342,4090
154,496,342,3566
155,497,343,1870
155,497,343,1367
155,497,345,803
155,497,345,562
154,497,349,474
154,497,349,442
154,497,352,407
154,497,352,1029
154,497,354,1029
154,497,354,1450
154,496,354,1660
154,496,354,2034
155,497,354,2490
155,497,354,2547
155,496,354,2380
155,496,354,2769
155,497,354,2982
155,497,354,3286
155,497,354,3286
155,497,354,2342
155,497,354,863
155,497,354,733
154,497,354,670
154,497,354,463
153,497,353,1095
153,497,353,2515
153,497,353,2914
153,497,353,2914
152,497,353,2795
152,497,353,2702
152,497,353,2375
152,497,353,2438
153,496,352,2455
153,496,352,2269
153,497,352,2043
153,497,352,2043
153,497,352,1629
153,497,352,746
153,497,352,473
153,497,352,0
153,496,351,0
153,496,351,0
153,497,352,0
153,497,352,0
152,496,352,0
152,496,352,0
153,497,352,0
153,497,352,0
153,496,352,0
153,496,352,0
153,497,352,0
153,497,352,0
153,496,352,567
153,496,352,341
152,497,352,2425
152,497,352,2425
153,496,352,2851
153,496,352,2912
153,497,352,3186
153,497,352,3052
152,496,352,3504
152,496,352,4090
153,497,352,4090
153,497,352,4090
152,496,350,4090
152,496,350,4090
152,496,350,4090
152,497,350,4090
152,496,350,4090
152,496,350,4090
152,496,350,4090
153,497,350,4090
152,496,350,4090
152,496,350,4090
152,496,350,4090
153,497,350,4090
153,497,350,4090
152,496,350,4090
152,496,350,4090
153,497,350,4090
153,497,350,4090
152,497,350,4090
152,497,350,4090
152,497,350,4090
152,497,350,4090
154,497,352,4090
154,497,352,4090
153,496,352,4090
153,496,352,4090
153,497,352,4090
153,497,352,4090
153,497,352,4090
153,497,352,4090
153,497,351,4090
153,497,351,4090
153,496,350,4090
153,496,350,4090
153,497,351,4090
153,497,351,4090
153,496,351,4090
153,496,351,4090
153,497,351,4090
153,497,351,4090
153,496,351,4090
153,496,351,4090
153,497,352,4090
153,497,352,4090
153,496,351,4090
153,496,351,4090
153,497,352,4090
153,497,352,4090
153,496,351,4090
153,496,351,3311
153,497,351,2203
153,497,351,2462
153,496,351,1737
153,496,351,2634
154,497,352,3453
154,497,352,3174
153,496,353,3174
153,496,353,3114
153,497,354,3285
153,497,354,4090
153,496,354,4090
153,496,354,4090
153,497,361,4090
153,497,361,4090
153,496,373,4090
153,496,373,4090
153,497,383,4090
153,497,383,4090
153,496,390,4090
153,496,390,4090
153,497,397,4090
153,497,397,4090
153,497,405,4090
153,497,405,4090
153,497,413,4090
153,497,413,4090
153,497,423,4090
153,497,423,4090
153,496,431,4090
153,496,431,4090
153,497,438,4090
153,497,438,4090
152,497,445,4090
152,497,445,4090
153,497,453,4090
153,497,453,4090
152,496,459,4090
152,496,459,4090
153,497,465,2630
153,497,465,4090
153,496,469,4009
153,496,469,2701
153,497,472,2572
153,497,472,2264
153,496,473,2253
153,496,473,2253
153,497,474,1752
153,497,474,1993
153,496,472,1697
153,496,472,766
153,497,472,582
153,497,472,451
152,496,472,1582
152,496,472,1582
153,497,472,4090
153,497,472,4090
153,496,471,3966
153,496,471,4090
153,497,472,4090
153,497,472,4090
152,496,471,4090
152,496,471,4090
153,497,471,4090
153,497,471,2378
153,496,466,1629
153,496,466,976
152,497,458,911
152,497,458,876
152,496,446,2265
152,496,446,3477
153,497,432,3610
153,497,432,3610
153,497,420,3586
153,497,420,4090
153,497,408,4090
153,497,408,4090
152,496,398,4090
152,496,398,4090
153,497,388,4090
153,497,388,3277
153,497,376,2466
153,497,376,1362
153,496,364,1362
153,496,364,945
153,497,351,893
153,497,351,504
153,497,351,301
152,496,336,346
152,497,323,0
152,497,323,0
152,497,323,0
153,496,315,0
153,496,315,0
153,497,311,0
153,497,311,0
152,496,307,0
152,496,307,0
153,497,302,0
153,497,302,0
152,496,295,0
152,496,295,2337
153,497,285,3264
153,497,285,4090
153,496,273,4090
153,496,273,4090
153,497,261,4090
153,497,261,4090
152,496,252,4090
152,496,252,4090
153,497,249,4090
153,497,249,4090
153,496,248,4090
153,496,248,4090
153,497,249,4090
153,497,249,4090
152,496,249,3218
152,496,249,4090
153,497,250,4090
153,497,250,4090
153,496,250,4090
153,496,250,4090
152,497,250,4090
152,497,250,4090
152,496,250,4090
152,496,250,4090
153,497,250,4090
153,497,250,4090
153,496,250,4090
153,496,250,4090
152,496,250,4090
152,496,250,4090
152,496,250,4090
152,496,250,4090
153,496,249,4090
153,496,249,4090
153,497,250,4090
153,497,250,4090
152,497,250,4090
152,497,250,4090
153,497,250,4090
153,497,250,4090
153,497,250,4090
153,497,250,4090
153,497,250,4090
153,497,250,4090
153,496,250,4090
153,496,250,4090
153,497,250,4090
153,497,250,4090
153,496,250,4090
153,496,250,4090
153,497,250,4090
153,497,250,4090
152,496,250,4090
152,496,250,4090
153,497,250,3949
153,497,250,4090
152,496,249,4090
152,496,249,4090
153,497,250,2514
153,497,250,893
153,496,249,688
153,496,249,688
153,497,250,559
153,497,250,427
152,496,252,380
152,496,252,2451
153,497,256,3091
153,497,256,3336
152,496,262,3521
152,496,262,3566
153,497,267,3566
153,497,267,3667
153,496,272,4090
153,496,272,4090
153,497,279,4090
153,497,279,4090
152,497,285,4090
152,497,285,4090
153,497,293,4090
153,497,293,4090
153,497,300,4090
153,497,300,4090
152,497,307,4090
152,497,307,4090
153,497,313,4090
153,497,313,4090
152,497,316,4090
152,497,316,4090
153,497,319,4090
153,497,319,4090
153,496,322,4090
153,496,322,4090
153,497,325,4090
153,497,325,3519
152,496,328,4090
152,496,328,4090
153,497,330,4090
153,497,330,4090
153,497,331,4090
153,497,331,4090
153,497,331,4090
153,497,331,4090
153,496,331,4090
153,496,331,4090
153,497,331,4090
153,497,331,4090
153,496,331,4090
153,496,331,4090
153,497,332,4090
153,497,332,3802
153,497,332,3939
152,496,331,3399
153,497,332,2389
153,497,332,3277
153,497,332,4042
153,496,331,4057
153,496,331,3797
153,497,332,3797
153,497,332,4090
153,496,331,3927
153,496,331,3475
153,497,332,3856
153,497,332,4090
152,496,331,4090
152,496,331,3764
153,497,332,4090
153,497,332,3245
152,496,331,2824
152,496,331,2824
153,497,332,3429
153,497,332,3447
153,496,331,2859
153,496,331,3598
153,497,332,3530
153,497,332,2495
152,496,332,3877
152,496,332,4090
153,497,337,4090
153,497,337,4090
153,496,339,4090
153,496,339,3472
153,497,340,4090
153,497,340,4090
153,497,340,4090
153,497,340,4078
153,496,341,4090
153,496,341,4090
153,497,341,4090
153,497,341,4090
153,496,342,2321
153,496,342,2813
153,497,345,4090
153,497,345,4090
153,497,349,4090
153,497,349,4090
153,497,351,4090
153,497,351,4090
153,496,352,3635
153,496,352,3167
153,497,352,2372
153,497,352,3751
152,496,352,4090
152,496,352,3306
153,497,352,1535
153,497,352,1292
153,496,352,1292
153,496,352,2270
153,497,352,2437
153,497,352,1011
152,496,351,865
152,496,351,877
153,497,352,614
153,497,352,405
153,496,349,356
153,496,349,445
153,497,349,0
153,497,349,0
153,497,349,0
153,497,349,0
152,497,349,0
152,497,349,0
153,497,349,0
153,497,349,0
153,497,349,0
153,497,349,0
152,496,349,0
152,496,349,0
153,497,349,0
153,497,349,0
152,496,348,0
152,496,348,0
152,497,348,0
152,497,348,0
152,496,348,0
152,496,348,0
153,497,348,0
153,497,348,0
152,497,348,0
152,497,348,0
152,497,348,0
152,497,348,0
153,496,348,0
153,496,348,0
152,497,350,0
152,497,350,0
153,497,350,0
153,497,350,0
153,496,350,0
153,496,350,328
154,497,351,398
154,497,351,352
154,496,351,0
154,496,351,339
154,497,351,406
154,497,351,652
154,496,351,4090
154,496,351,4090
154,483,351,4090
154,483,351,4090
154,462,350,4090
154,462,350,4090
154,441,350,4090
154,441,350,4090
154,421,350,4090
154,421,350,4090
154,399,351,4090
154,399,351,4090
154,374,351,4090
154,374,351,4090
154,345,352,4090
154,345,352,4090
154,320,352,4090
154,320,352,4090
154,299,352,4090
154,299,352,4090
154,281,352,4090
154,281,352,4090
154,264,352,4090
154,264,352,4090
154,264,352,4090
154,246,352,4090
154,223,352,4090
154,223,352,4090
154,223,352,4090
154,202,352,4090
154,202,352,4090
154,187,352,4090
154,187,352,4090
155,178,352,4090
155,178,352,4090
155,175,354,4090
155,175,354,4090
156,174,354,4090
156,174,354,4090
155,174,354,4090
155,174,354,4090
155,176,354,4090
155,176,354,4090
155,178,354,4090
155,178,354,4090
154,185,355,4090
154,185,355,4090
154,192,354,3456
154,192,354,3306
154,199,355,3008
154,199,355,2335
154,209,355,3507
154,209,355,4090
154,222,357,4090
154,222,357,4090
154,237,363,4090
154,237,363,4090
153,257,371,4090
153,257,371,4090
153,273,381,4090
153,273,381,4090
154,288,391,4090
154,288,391,4090
155,301,400,3249
155,301,400,3249
155,309,411,2491
155,309,411,1735
155,313,422,2025
155,313,422,1781
156,313,435,2664
156,313,435,4090
156,310,440,4090
156,310,440,4090
156,299,442,4090
156,299,442,4090
156,276,442,4090
156,276,442,4090
156,250,442,4090
156,250,442,4090
156,225,448,4090
156,225,448,4090
157,209,456,4090
157,209,456,4090
157,196,466,4090
157,196,466,4090
155,189,475,4090
155,189,475,4090
154,185,476,4090
154,185,476,4090
156,185,476,4090
156,185,476,4090
157,185,477,4090
157,185,477,4090
158,185,477,4090
158,185,477,4090
156,186,476,4090
156,186,476,3366
155,188,473,3124
155,188,473,3557
154,195,471,3170
154,195,471,2928
153,208,465,2928
153,208,465,2538
154,224,460,3218
154,224,460,2122
154,243,455,3956
154,243,455,4090
154,260,449,4090
154,260,449,4090
154,280,440,4090
154,280,440,4090
153,304,433,4090
153,304,433,4090
153,327,422,3364
153,327,422,3940
153,340,408,3329
153,340,408,3621
153,340,393,3173
153,340,393,3090
153,333,379,3090
153,333,379,2479
153,319,362,1466
153,319,362,1168
154,304,350,1280
154,304,350,1250
153,288,341,553
153,288,341,0
154,271,333,0
154,271,333,0
153,255,328,0
153,255,328,0
153,238,320,0
153,238,320,0
153,225,312,0
153,225,312,0
153,221,305,0
153,221,305,3646
153,222,298,4090
153,222,298,4090
154,222,292,4090
154,222,292,4090
154,225,286,4090
154,225,286,4090
155,237,280,4090
155,237,280,4090
155,251,274,4090
155,251,274,4090
156,264,270,4090
156,264,270,4090
156,279,267,4090
156,279,267,4090
156,295,264,4090
156,295,264,4090
156,313,262,4090
156,313,262,4090
155,333,262,4090
155,333,262,4090
155,333,262,4090
155,352,262,4090
155,352,262,4090
155,368,262,4090
154,376,262,4090
154,376,262,4090
154,376,262,4090
153,376,266,3237
153,376,266,4090
153,375,271,2885
153,375,271,2793
153,371,276,2948
153,371,276,3088
153,363,283,3088
153,363,283,4090
152,350,292,4090
152,350,292,4090
152,337,302,4090
152,337,302,4090
152,325,313,4090
152,325,313,4090
152,315,325,4090
152,315,325,4090
154,302,337,4090
154,302,337,4090
154,285,349,4090
154,285,349,4090
154,263,359,4090
154,263,359,4090
154,247,365,4090
154,247,365,4090
154,241,367,4090
154,241,367,4090
154,242,373,4090
154,242,373,4090
154,243,378,4090
154,243,378,4090
154,250,384,4090
154,250,384,4090
154,264,390,4090
154,264,390,4090
154,287,396,4090
154,287,396,4090
154,313,402,4090
154,313,402,4090
153,338,411,4090
153,338,411,4090
153,358,420,4090
153,358,420,4090
152,367,430,4090
152,367,430,4090
152,367,442,4090
152,367,442,4090
152,367,453,4090
152,367,453,4090
153,364,461,4090
153,364,461,4090
154,358,465,4090
154,358,465,4090
155,345,468,4090
155,345,468,4090
155,327,472,4090
155,327,472,4090
155,307,478,4090
155,307,478,4090
155,289,480,4090
155,289,480,3404
155,274,480,3084
155,274,480,2556
155,263,480,2556
155,263,480,1405
155,260,480,1351
155,260,480,1436
155,264,480,1317
155,264,480,1193
155,275,480,860
155,275,480,764
155,295,480,4090
155,295,480,4090
155,321,476,4090
155,321,476,4090
154,345,470,4090
154,345,470,4090
154,368,465,4090
154,368,465,4090
154,386,457,4090
154,386,457,4090
154,401,450,4090
154,401,450,4090
154,414,441,2741
154,414,441,2741
152,427,433,1663
152,427,433,814
153,438,423,969
153,438,423,3649
153,446,411,4090
153,446,411,4090
154,450,397,4090
154,450,397,4090
154,451,377,4090
154,451,377,4090
155,451,359,4090
155,451,359,3736
155,451,347,1952
155,451,347,1469
155,451,340,695
155,451,340,447
157,450,339,1061
157,450,339,2081
162,449,340,2081
162,449,340,2558
178,446,340,4090
178,446,340,4090
204,438,339,4090
204,438,339,4090
237,419,339,4090
237,419,339,4090
268,395,340,4090
268,395,340,4090
293,365,341,4090
293,365,341,4090
316,334,341,4090
316,334,341,4090
335,307,340,4090
335,307,340,4090
355,287,339,4090
355,287,339,4090
355,287,339,4090
373,276,339,4090
389,275,340,4090
389,275,340,4090
398,274,340,4090
398,274,340,4090
391,274,342,4090
391,274,342,4090
391,274,342,4090
384,275,341,4090
384,275,341,2683
374,277,342,2686
374,277,342,2686
359,276,342,4090
359,276,342,4090
334,277,344,4090
334,277,344,4090
308,276,347,4090
308,276,347,4090
285,276,350,4090
285,276,350,4090
268,276,352,4090
268,276,352,4090
251,276,352,1294
251,276,352,1260
235,275,350,1263
235,275,350,941
219,276,351,4090
219,276,351,4090
201,276,351,4090
201,276,351,4090
186,276,351,4090
186,276,351,4090
174,276,348,2887
174,276,348,1360
166,276,348,945
166,276,348,1286
169,277,347,918
169,277,347,868
175,286,347,868
175,286,347,332
181,306,347,0
181,306,347,309
201,334,349,422
201,334,349,479
226,365,350,3364
226,365,350,4090
254,390,351,4090
254,390,351,4090
283,410,350,4090
283,410,350,4090
308,425,349,4090
308,425,349,4090
331,433,349,4090
331,433,349,4090
349,440,348,4090
349,440,348,4090
366,446,348,4090
366,446,348,4090
378,451,349,4090
378,451,349,4090
380,451,349,4090
380,451,349,4090
378,451,349,4090
378,451,349,4090
374,451,350,4090
374,451,350,4090
370,451,350,4090
370,451,350,4090
367,452,351,4090
367,452,351,4090
360,451,351,4090
360,451,351,4090
338,452,351,4090
338,452,351,4090
307,451,351,4090
307,451,351,4090
271,452,351,4090
271,452,351,4090
242,453,351,4090
242,453,351,4090
222,453,351,4090
222,453,351,4090
209,452,349,4090
209,452,349,4090
204,452,349,4090
204,452,349,4090
203,452,347,4090
203,452,347,4090
203,452,347,4090
203,452,347,4090
204,452,348,4090
204,452,348,4090
203,452,348,4090
203,452,348,4090
203,452,349,4090
203,452,349,4090
204,452,349,4090
204,452,349,4090
209,452,350,4090
209,452,350,4090
210,451,351,4090
210,451,351,4090
214,448,351,4090
214,448,351,4049
220,442,349,3243
220,442,349,2605
237,429,348,2776
237,429,348,2881
260,405,347,2361
260,405,347,1303
285,380,345,2608
285,380,345,3294
311,359,345,3819
311,359,345,3819
334,340,345,4090
334,340,345,4090
357,326,348,4090
357,326,348,2928
374,315,349,3496
374,315,349,4090
387,305,350,4090
387,305,350,4090
396,294,351,4090
396,294,351,4090
404,281,350,4090
404,281,350,4090
405,270,351,4090
405,270,351,4090
406,260,352,4090
406,260,352,4090
407,253,352,4090
407,253,352,4090
408,246,353,4090
408,246,353,4090
408,246,353,4090
412,241,353,4090
421,234,354,3036
421,234,354,3580
421,234,354,4090
433,228,355,4090
433,228,355,4090
444,222,355,4090
444,222,355,4090
450,218,355,4090
450,218,355,4090
452,215,355,4090
452,215,355,4090
456,211,355,4090
456,211,355,4090
460,206,355,2855
460,206,355,4090
464,200,354,4090
464,200,354,4090
465,195,355,4090
465,195,355,4073
469,193,356,4090
469,193,356,4090
470,193,356,4090
470,193,356,4090
473,193,356,4090
473,193,356,4090
477,193,356,4090
477,193,356,4090
478,192,356,4090
478,192,356,4090
478,189,356,4090
478,189,356,4090
478,187,356,4090
478,187,356,4090
478,187,356,4090
478,187,356,4090
477,187,356,4090
477,187,356,4090
478,187,356,2377
478,187,356,2339
475,188,356,3203
475,188,356,3203
476,188,357,3403
476,188,357,3323
478,188,357,4090
478,188,357,4090
478,188,357,4090
478,188,357,4090
476,188,355,4090
476,188,355,4090
476,188,355,4090
476,188,355,4090
475,188,355,4090
475,188,355,4090
476,188,355,3446
476,188,355,4090
476,188,355,1925
476,188,355,4090
476,188,355,4090
476,188,355,4090
476,188,354,4090
476,188,354,4090
476,188,355,4090
476,188,355,4090
476,188,355,4090
476,188,355,4090
476,188,355,4090
476,188,355,3947
475,188,355,1350
475,188,355,1637
471,188,356,2925
471,188,356,3379
469,188,355,4090
469,188,355,4090
469,188,355,4090
469,188,355,4090
467,190,355,4090
467,190,355,4090
461,195,354,4090
461,195,354,4090
449,204,354,2124
449,204,354,2207
435,218,354,4090
435,218,354,2368
419,238,354,1882
419,238,354,2477
400,261,355,4090
400,261,355,4090
381,284,355,2142
381,284,355,908
360,305,355,870
360,305,355,1194
339,327,355,1026
339,327,355,992
317,349,355,992
317,349,355,960
292,370,357,1096
292,370,357,506
268,388,357,0
268,388,357,462
246,407,357,482
246,407,357,0
228,424,357,0
228,424,357,0
213,437,357,0
213,437,357,0
198,447,357,0
198,447,357,0
186,457,356,0
186,457,356,0
176,462,355,0
176,462,355,0
169,468,355,0
169,468,355,0
165,472,354,0
165,472,354,0
163,476,355,0
163,476,355,0
158,480,354,0
158,480,354,0
152,482,355,0
152,482,355,0
145,481,354,0
145,481,354,0
136,482,355,0
136,482,355,0
133,482,355,0
133,482,355,0
132,482,356,0
132,482,356,0
132,482,356,0
132,482,357,0
132,482,357,0
132,482,357,0
133,482,357,0
133,482,357,0
133,482,357,0
134,482,357,0
134,482,357,0
134,481,357,0
134,481,357,0
135,482,356,0
135,482,356,0
134,481,356,0
134,481,356,0
135,481,356,0
135,481,356,0
135,481,356,0
135,481,356,0
135,481,356,0
135,481,356,0
134,482,356,0
134,482,356,0
135,481,356,0
135,481,356,0
135,482,356,0
135,482,356,0
135,481,356,0
135,481,356,0
135,482,356,0
135,482,356,0
135,481,356,0
135,481,356,0
135,482,356,0
135,481,356,0
135,481,356,0
134,481,356,0
134,481,356,0
135,481,356,0
135,481,356,0
135,482,356,0
135,482,356,0
134,481,356,0
134,481,356,0
135,481,356,0
135,481,356,0
135,481,356,0
135,481,356,0
135,482,356,0
135,482,356,0
135,481,356,0
135,481,356,0
135,481,356,0
135,481,356,0
135,481,356,0
135,481,356,0
135,481,356,0
135,481,356,0
135,481,356,0
135,481,356,0
135,481,356,0
135,481,356,0
135,481,356,0
135,481,356,0
135,481,356,0
135,481,356,0
135,481,356,0
135,481,356,0
135,481,356,0
135,481,356,0
134,481,356,0
134,481,356,0
135,481,355,0
135,481,355,0
135,481,356,0
135,481,356,0
135,481,356,0
135,481,356,0
135,481,356,0
135,481,356,0
135,481,356,0
135,481,356,0
135,482,356,0
135,482,356,0
135,482,356,0
135,481,356,0
135,481,356,0
135,481,356,0
135,481,356,0
135,481,356,0
135,481,356,0
135,481,356,0
135,481,356,0
135,481,356,0
135,481,356,0
135,481,356,0
135,481,356,0
135,481,356,0
135,481,356,0
135,481,356,0
135,481,356,0
135,481,356,0
135,481,356,0
135,481,356,0
135,481,356,0
135,481,356,0
135,481,356,0
135,481,356,0
135,481,356,0
135,481,356,0
135,481,356,0
135,481,356,0
135,481,356,0
135,481,355,0
135,481,355,0
135,481,356,0
135,481,356,0
135,481,356,0
135,481,356,0
135,481,356,0
135,481,356,0
134,481,356,0
134,481,356,0
135,481,356,0
135,481,356,0
135,481,356,0
135,481,356,0
135,481,356,0
135,481,356,0
135,481,356,0
135,481,356,0
135,481,356,0
135,481,356,0
135,481,356,0
135,481,356,0
135,481,356,0
135,481,356,0
135,482,356,0
135,482,356,0
135,481,356,0
135,481,356,0
135,481,356,0
135,481,356,0
135,481,356,0
135,481,356,0
135,481,356,0
135,481,356,0
135,481,356,0
135,481,356,0
134,482,356,0
134,482,356,0
135,481,356,0
135,481,356,0
135,482,356,0
135,482,356,0
135,481,356,0
135,481,356,0
135,482,356,0
135,482,356,0
135,481,356,0
135,481,356,0
135,481,356,0
135,481,356,0
135,481,356,0
135,481,356,0
135,481,356,0
135,481,356,0
135,481,356,0
135,481,356,0
135,481,356,0
135,481,356,0
135,481,356,0
135,481,356,0
134,481,356,0
134,481,356,0
135,481,356,0
135,481,356,0
135,481,356,0
135,481,356,0
135,481,356,0
135,481,356,0
135,481,356,0
135,481,356,0
135,481,356,0
135,481,356,0
135,481,356,0
135,481,356,0
135,481,356,0
135,481,356,0
135,481,356,0
135,481,356,0
134,481,356,0
134,481,356,0
135,481,356,0
135,481,356,0
134,482,356,0
134,482,356,0
135,481,356,0
135,481,356,0
135,482,356,0
135,482,356,0
134,481,356,0
134,481,356,0
135,481,356,0
135,481,356,0
135,481,356,0
135,481,356,0
135,481,356,0
135,481,356,0
135,481,356,0
135,481,356,0
135,481,356,0
135,481,356,0
135,481,356,0
135,481,356,0
135,481,356,0
135,481,356,0
135,481,356,0
135,481,356,0
135,481,356,0
134,482,356,0
134,482,356,0
135,481,356,0
135,481,356,0
135,481,356,0
135,481,356,0
135,481,356,0
135,481,356,0
135,481,356,0
135,481,356,0
134,481,356,0
134,481,356,0
135,481,356,0
135,481,356,0
134,481,355,0
134,481,355,0
135,481,356,0
135,481,356,0
135,481,356,0
135,481,356,0
135,481,356,0
135,481,356,0
135,481,356,0
135,481,356,0
135,481,356,0
135,481,356,0
134,481,356,0
134,481,356,0
135,481,356,0
135,481,356,0
135,481,356,0
135,481,356,0
135,481,356,0
135,481,356,0
135,481,356,0
135,481,356,0
135,481,356,0
135,481,356,0
135,481,356,0
135,481,356,0
135,481,356,0
135,481,356,0
135,482,356,0
135,482,356,0
135,481,356,0
135,481,356,0
135,482,356,0
135,482,356,0
135,481,356,0
135,481,356,0
135,482,356,0
135,482,356,0
135,481,356,0
135,481,356,0
135,481,356,0
135,481,356,0
135,481,356,0
135,481,356,0
135,481,356,0
135,481,356,0
135,481,356,0
135,481,356,0
135,481,356,0
135,481,356,0
135,481,356,0
135,481,356,0
135,481,356,0
135,481,356,0
135,481,356,0
135,481,356,0
135,481,356,0
135,481,356,0
135,481,356,0
135,481,356,0
134,481,356,0
134,481,356,0
135,481,356,0
135,481,356,0
134,481,356,0
134,481,356,0
135,481,356,0
135,481,356,0
135,481,356,0
135,481,356,0
135,481,356,0
135,481,356,0
135,481,356,0
135,481,356,0
135,481,356,0
135,481,356,0
135,481,356,0
135,481,356,0
135,481,356,0
135,481,356,0
135,481,356,0
135,481,356,0
135,481,356,0
135,481,356,0
135,481,356,0
135,481,356,0
135,481,356,0
135,481,356,0
135,481,356,0
135,481,356,0
135,482,356,0
135,482,356,0
134,481,356,0
134,481,356,0
134,481,356,0
134,481,356,0
134,481,356,0
134,481,356,0
135,482,356,0
135,482,356,0
135,481,356,0
135,481,356,0
135,481,356,0
135,481,356,0
135,481,356,0
135,481,356,0
135,481,356,0
135,481,356,0
135,481,356,0
135,481,356,0
135,481,356,0
135,481,356,0
135,481,356,0
135,481,356,0
135,481,356,0
135,481,356,0
135,481,356,0
135,481,356,0
135,481,356,0
135,481,356,0
135,481,356,0
135,481,356,0
135,481,356,0
135,481,356,0
135,481,356,0
135,481,356,0
135,481,356,0
135,481,356,0
135,481,356,0
135,481,356,0
135,481,356,0
134,481,356,0
134,481,356,0
135,481,356,0
135,481,356,0
135,481,356,0
135,481,356,0
135,481,356,0
135,481,356,0
135,481,356,0
135,481,356,0
135,481,356,0
135,481,356,0
135,481,356,0
135,481,356,0
135,481,356,0
135,481,356,0
135,481,356,0
135,481,356,0
135,481,356,0
135,481,356,0
135,481,356,0
135,481,356,0
135,481,356,0
135,481,356,0
135,481,356,0
135,481,356,0
135,481,356,0
135,481,356,0
135,481,356,0
135,481,356,0
135,481,356,0
135,481,356,0
135,481,356,0
135,481,356,0
134,481,356,0
134,481,356,0
134,481,356,0
134,481,356,0
135,481,356,0
135,481,356,0
135,481,356,0
135,481,356,0
135,481,356,0
135,481,356,0
135,481,356,0
135,481,356,0
135,481,356,0
135,481,356,0
135,481,356,0
135,481,356,0
135,481,355,0
135,481,355,0
135,481,356,0
135,481,356,0
135,481,356,0
135,481,356,0
135,482,356,0
135,482,356,0
134,481,356,0
134,481,356,0
135,482,356,0
135,482,356,0
135,481,356,0
135,481,356,0
135,481,356,0
135,481,356,0
135,481,356,0
135,481,356,0
135,482,356,0
135,482,356,0
135,481,355,0
135,481,355,0
135,481,356,0
135,481,356,0
135,481,356,0
135,481,356,0
135,481,356,0
135,481,356,0
135,481,356,0
135,481,356,0
135,481,356,0
135,481,356,0
134,481,356,0
134,481,356,0
134,481,356,0
134,481,356,0
135,481,356,0
135,481,356,0
134,481,356,0
134,481,356,0
135,481,356,0
135,481,356,0
135,481,356,0
135,481,356,0
135,481,356,0
135,481,356,0
135,481,356,0
135,481,356,0
134,481,356,0
134,481,356,0
135,481,356,0
135,481,356,0
134,481,356,0
134,481,356,0
135,481,356,0
135,481,356,0
135,481,356,0
135,481,356,0
135,481,356,0
135,481,356,0
135,481,356,0
135,481,356,0
135,481,356,0
135,481,356,0
135,481,356,0
135,481,356,0
135,481,356,0
135,481,356,0
135,481,356,0
135,481,356,0
135,481,356,0
135,481,356,0
135,481,356,0
135,481,356,0
135,481,356,0
135,481,356,0
135,481,356,0
135,481,356,0
135,481,356,0
135,481,356,0
135,481,356,0
134,482,356,0
134,482,356,0
135,481,356,0
135,481,356,0
135,481,356,0
135,481,356,0
135,481,356,0
135,481,356,0
135,481,356,0
135,481,356,0
135,481,356,0
135,481,356,0
135,481,356,0
135,481,356,0
134,481,356,0
134,481,356,0
135,481,356,0
135,481,356,0
135,481,356,0
135,481,356,0
135,481,356,0
135,481,356,0
135,481,356,0
135,481,356,0
135,481,356,0
135,481,356,0
135,481,356,0
135,481,356,0
135,481,356,0
135,481,356,0
135,481,356,0
135,481,356,0
135,481,356,0
135,481,356,0
134,481,356,0
134,481,356,0
135,481,356,0
135,481,356,0
135,481,356,0
135,481,356,0
135,481,356,0
135,481,356,0
135,481,356,0
135,481,356,0
135,481,356,0
135,481,356,0
135,481,356,0
135,481,356,0
135,481,356,0
135,481,356,0
135,482,356,0
135,482,356,0
135,481,356,0
135,481,356,0
135,481,356,0
135,481,356,0
135,481,356,0
135,481,356,0
135,482,356,0
135,482,356,0
135,481,356,0
135,481,356,0
134,482,356,0
134,482,356,0
135,481,356,0
135,481,356,0
135,481,356,0
135,481,356,0
135,481,356,0
135,481,356,0
135,481,356,0
135,481,356,0
135,481,356,0
135,481,356,0
135,481,356,0
135,481,356,0
135,481,356,0
135,481,356,0
135,481,356,0
135,481,356,0
135,481,356,0
135,481,356,0
135,481,356,0
135,481,356,0
135,482,356,0
135,482,356,0
134,481,356,0
134,481,356,0
134,481,356,0
134,481,356,0
135,481,356,0
135,481,356,0
135,481,356,0
135,481,356,0
135,481,356,0
135,481,356,0
135,481,356,0
135,481,356,0
135,481,356,0
135,481,356,0
134,481,356,0
134,481,356,0
135,481,356,0
135,481,356,0
135,482,356,0
135,482,356,0
135,481,356,0
135,481,356,0
135,481,356,0
135,481,356,0
135,481,356,0
135,481,356,0
135,481,356,0
135,481,356,0
135,481,356,0
135,481,356,0
135,481,356,0
135,481,356,0
135,481,356,0
135,481,356,0
135,481,356,0
135,481,356,0
135,481,356,0
135,481,356,0
135,481,356,0
134,481,356,0
134,481,356,0
135,481,356,0
135,481,356,0
135,481,356,0
135,481,356,0
135,481,356,0
135,481,356,0
134,481,356,0
134,481,356,0
134,481,356,0
134,481,356,0
135,481,356,0
135,481,356,0
135,481,356,0
135,481,356,0
135,481,356,0
135,481,356,0
135,481,356,0
135,481,356,0
135,481,356,0
135,481,356,0
135,481,356,0
135,481,356,0
135,481,356,0
135,481,356,0
135,481,356,0
135,481,356,0
134,481,356,0
134,481,356,0
134,481,356,0
134,481,356,0
135,481,356,0
135,481,356,0
135,481,356,0
135,481,356,0
135,481,356,0
135,481,356,0
135,481,356,0
135,481,356,0
135,481,355,0
135,481,355,0
135,482,356,0
135,482,356,0
135,481,356,0
135,481,356,0
135,481,356,0
135,481,356,0
135,481,355,0
135,481,355,0
135,481,356,0
135,481,356,0
135,481,355,0
135,481,355,0
135,481,356,0
135,481,356,0
135,481,356,0
135,481,356,0
135,481,356,0
135,481,356,0
134,481,355,0
134,481,355,0
135,481,356,0
135,481,356,0
134,481,355,0
134,481,355,0
135,481,356,0
135,481,356,0
134,481,356,0
134,481,356,0
134,481,356,0
134,481,356,0
134,481,356,0
134,481,356,0
135,481,356,0
135,481,356,0
134,481,356,0
134,481,356,0
135,481,356,0
135,481,356,0
135,481,356,0
135,481,356,0
135,481,356,0
135,481,356,0
135,481,356,0
135,481,356,0
135,481,356,0
135,481,356,0
135,481,356,0
135,481,356,0
135,481,356,0
135,481,356,0
135,482,356,0
135,482,356,0
135,481,356,0
135,481,356,0
135,481,356,0
135,481,356,0
135,481,356,0
135,481,356,0
135,482,356,0
135,482,356,0
135,481,356,0
135,481,356,0
135,481,356,0
135,481,356,0
134,481,356,0
134,481,356,0
135,481,356,0
135,481,356,0
135,481,356,0
135,481,356,0
135,481,356,0
135,481,356,0
135,481,356,0
135,481,356,0
135,481,356,0
135,481,356,0
135,481,356,0
135,481,356,0
135,481,356,0
135,481,356,0
135,481,356,0
135,481,356,0
135,481,356,0
135,481,356,0
135,481,356,0
135,481,356,0
135,481,356,0
135,481,356,0
135,481,356,0
135,481,356,0
135,481,356,0
135,481,356,0
135,481,356,0
135,481,356,0
135,481,356,0
135,481,356,0
135,481,356,0
134,481,356,0
134,481,356,0
134,481,356,0
134,481,356,0
135,481,356,0
135,481,356,0
135,481,356,0
135,481,356,0
135,481,356,0
135,481,356,0
135,481,356,0
135,481,356,0
135,481,356,0
135,481,356,0
135,481,356,0
135,481,356,0
